code,subcode,unit,time_code,time_sub,yearmonth,cat_label,total,mokuteki,shihonkin,yakuin,torishimariyaku,kansayaku,date,log_kansayaku,log_torishimariyaku,log_yakuin,log_mokuteki,t,month,post_kam,post_sc,post_isqm,t_post_kam,t_post_sc,ratio_kansa_yakuin,log_ratio,m02,m03,m04,m05,m06,m07,m08,m09,m10,m11,m12,event_t,resid_its,ev_mn12,ev_mn11,ev_mn10,ev_mn09,ev_mn08,ev_mn07,ev_mn06,ev_mn05,ev_mn04,ev_mn03,ev_mn02,ev_mp00,ev_mp01,ev_mp02,ev_mp03,ev_mp04,ev_mp05,ev_mp06,ev_mp07,ev_mp08,ev_mp09,ev_mp10,ev_mp11,ev_mp12
100,,件数【件】,2009000101,,2009年1月,,43541,3408,1886,30395,195,1695,2009-01-01,7.43543801981455,5.272999558563747,10.322033400182823,8.133880887949207,0,1,0,0,0,0,0,0.05576575094587926,-2.8865953803682722,0,0,0,0,0,0,0,0,0,0,0,-142,0.03159927090924963,0,0,0,0,0,0,0,0,0,0,0,0,0,0,0,0,0,0,0,0,0,0,0,0
100,,件数【件】,2009000202,,2009年2月,,40800,3504,1780,28396,193,1674,2009-02-01,7.422971251049421,5.262690188904886,10.254003569159277,8.161660452056282,1,2,0,0,0,0,0,0.05895196506550218,-2.831032318109856,1,0,0,0,0,0,0,0,0,0,0,-141,0.10627106374745132,0,0,0,0,0,0,0,0,0,0,0,0,0,0,0,0,0,0,0,0,0,0,0,0
100,,件数【件】,2009000303,,2009年3月,,50586,4097,2259,35907,249,1784,2009-03-01,7.486613313139955,5.517452896464707,10.48868754154148,8.318010277546872,2,3,0,0,0,0,0,0.04968390564513883,-3.0020742284015256,0,1,0,0,0,0,0,0,0,0,0,-140,0.11852332273657362,0,0,0,0,0,0,0,0,0,0,0,0,0,0,0,0,0,0,0,0,0,0,0,0
100,,件数【件】,2009000404,,2009年4月,,63680,4438,2444,45903,311,2191,2009-04-01,7.692113339595466,5.739792912179234,10.734285753389923,8.39795910349254,3,4,0,0,0,0,0,0.04773108511426268,-3.042172413794457,0,0,1,0,0,0,0,0,0,0,0,-139,0.0644657193609266,0,0,0,0,0,0,0,0,0,0,0,0,0,0,0,0,0,0,0,0,0,0,0,0
100,,件数【件】,2009000505,,2009年5月,,47411,3259,1942,35198,219,1658,2009-05-01,7.4133673356952405,5.389071729816501,10.468744541790157,8.089175678837561,4,5,0,0,0,0,0,0.047104949144837774,-3.055377206094916,0,0,0,1,0,0,0,0,0,0,0,-138,0.06638660174792577,0,0,0,0,0,0,0,0,0,0,0,0,0,0,0,0,0,0,0,0,0,0,0,0
100,,件数【件】,2009000606,,2009年6月,,88481,5125,2325,71588,300,2379,2009-06-01,7.774435510302958,5.703782474656201,11.1786827411373,8.54188580400661,5,6,0,0,0,0,0,0.03323182656311113,-3.404247230834341,0,0,0,0,1,0,0,0,0,0,0,-137,0.04901231021596031,0,0,0,0,0,0,0,0,0,0,0,0,0,0,0,0,0,0,0,0,0,0,0,0
100,,件数【件】,2009000707,,2009年7月,,89522,5771,2502,70108,334,2439,2009-07-01,7.79934339821592,5.811140992976701,11.157792189193067,8.660600654710967,6,7,0,0,0,0,0,0.034789182404290526,-3.358448790977146,0,0,0,0,0,1,0,0,0,0,0,-136,-0.019306205108653884,0,0,0,0,0,0,0,0,0,0,0,0,0,0,0,0,0,0,0,0,0,0,0,0
100,,件数【件】,2009000808,,2009年8月,,49188,3595,1949,36237,250,1662,2009-08-01,7.415776975415394,5.521460917862246,10.497835975273388,8.187299270155147,7,8,0,0,0,0,0,0.04586472390098518,-3.0820589998579946,0,0,0,0,0,0,1,0,0,0,0,-135,0.019192343550492375,0,0,0,0,0,0,0,0,0,0,0,0,0,0,0,0,0,0,0,0,0,0,0,0
100,,件数【件】,2009000909,,2009年9月,,48472,3564,1948,35843,229,1589,2009-09-01,7.370860166536716,5.43372200355424,10.486903568942912,8.1786387885907,8,9,0,0,0,0,0,0.04433222665513489,-3.116043402406196,0,0,0,0,0,0,0,1,0,0,0,-134,-0.017112676065383692,0,0,0,0,0,0,0,0,0,0,0,0,0,0,0,0,0,0,0,0,0,0,0,0
100,,件数【件】,2009001010,,2009年10月,,54837,3961,2099,39658,308,1871,2009-10-01,7.534228326274089,5.730099782973574,10.588047972158751,8.284251797621916,9,10,0,0,0,0,0,0.04717837510716627,-3.053819645884661,0,0,0,0,0,0,0,0,1,0,0,-133,-0.04381893022934369,0,0,0,0,0,0,0,0,0,0,0,0,0,0,0,0,0,0,0,0,0,0,0,0
100,,件数【件】,2009001111,,2009年11月,,45792,3344,1711,33520,272,1555,2009-11-01,7.349230824613334,5.605802066295998,10.41989755459602,8.114922974204593,10,11,0,0,0,0,0,0.04639021479713604,-3.070666729982685,0,0,0,0,0,0,0,0,0,1,0,-132,0.029108193874488375,0,0,0,0,0,0,0,0,0,0,0,0,0,0,0,0,0,0,0,0,0,0,0,0
100,,件数【件】,2009001212,,2009年12月,,53259,3548,2137,39631,370,1783,2009-12-01,7.48605261786314,5.91350300563827,10.587366919275157,8.17413934342947,11,12,0,0,0,0,0,0.044990033054931745,-3.1013143014120166,0,0,0,0,0,0,0,0,0,0,1,-131,0.019721817231221017,0,0,0,0,0,0,0,0,0,0,0,0,0,0,0,0,0,0,0,0,0,0,0,0
100,,件数【件】,2010000101,,2010年1月,,39663,3189,1845,27883,282,1315,2010-01-01,7.181591944611865,5.641907070938114,10.23577246310278,8.067462667010057,12,1,0,0,0,0,0,0.04716135279561023,-3.0541805184909148,0,0,0,0,0,0,0,0,0,0,0,-130,-0.07307835461136092,0,0,0,0,0,0,0,0,0,0,0,0,0,0,0,0,0,0,0,0,0,0,0,0
100,,件数【件】,2010000202,,2010年2月,,37321,3396,1871,25695,249,1297,2010-02-01,7.167809184316444,5.517452896464707,10.15405169942633,8.130353547431238,13,2,0,0,0,0,0,0.050476746448725435,-2.986242515109886,1,0,0,0,0,0,0,0,0,0,0,-129,0.013968379349452942,0,0,0,0,0,0,0,0,0,0,0,0,0,0,0,0,0,0,0,0,0,0,0,0
100,,件数【件】,2010000303,,2010年3月,,47254,4096,2421,33279,301,1467,2010-03-01,7.2909747781429814,5.707110264748875,10.41268184640677,8.317766166719343,14,3,0,0,0,0,0,0.04408185342107635,-3.1217070682637877,0,1,0,0,0,0,0,0,0,0,0,-128,0.06179799547634346,0,0,0,0,0,0,0,0,0,0,0,0,0,0,0,0,0,0,0,0,0,0,0,0
100,,件数【件】,2010000404,,2010年4月,,59456,4431,2475,42810,397,1743,2010-04-01,7.463363045520021,5.983936280687191,10.664526999138992,8.39638057119949,15,4,0,0,0,0,0,0.04071478626489138,-3.2011639536189707,0,0,1,0,0,0,0,0,0,0,0,-127,-0.03161830786155573,0,0,0,0,0,0,0,0,0,0,0,0,0,0,0,0,0,0,0,0,0,0,0,0
100,,件数【件】,2010000505,,2010年5月,,44877,3366,1869,33409,218,1395,2010-05-01,7.240649694255466,5.384495062789089,10.41658060374452,8.121480374750751,16,5,0,0,0,0,0,0.041755215660450776,-3.1759309094890544,0,0,0,1,0,0,0,0,0,0,0,-126,0.008740410955819122,0,0,0,0,0,0,0,0,0,0,0,0,0,0,0,0,0,0,0,0,0,0,0,0
100,,件数【件】,2010000606,,2010年6月,,80093,4692,2276,64668,374,1908,2010-06-01,7.553810852008231,5.924255797414532,11.077021767721497,8.453614209773367,17,6,0,0,0,0,0,0.029504546298014474,-3.5232109157132654,0,0,0,0,1,0,0,0,0,0,0,-125,-0.0070438620609318825,0,0,0,0,0,0,0,0,0,0,0,0,0,0,0,0,0,0,0,0,0,0,0,0
100,,件数【件】,2010000707,,2010年7月,,79634,5119,2133,62723,391,1939,2010-07-01,7.569927655242652,5.968707559985366,11.046483485513047,8.540714386457584,18,7,0,0,0,0,0,0.030913699918690113,-3.4765558302703945,0,0,0,0,0,1,0,0,0,0,0,-124,-0.0745057317998703,0,0,0,0,0,0,0,0,0,0,0,0,0,0,0,0,0,0,0,0,0,0,0,0
100,,件数【件】,2010000808,,2010年8月,,47787,3463,1855,35267,261,1542,2010-08-01,7.340835554123275,5.564520407322694,10.4707029614894,8.149890544402423,19,8,0,0,0,0,0,0.04372359429494995,-3.129867407366125,0,0,0,0,0,0,1,0,0,0,0,-123,0.03429144864439415,0,0,0,0,0,0,0,0,0,0,0,0,0,0,0,0,0,0,0,0,0,0,0,0
100,,件数【件】,2010000909,,2010年9月,,47695,3596,1853,35060,254,1585,2010-09-01,7.368339686311381,5.537334267018537,10.464816158475225,8.18757739559151,20,9,0,0,0,0,0,0.04520821448944666,-3.0964764721638445,0,0,0,0,0,0,0,1,0,0,0,-122,0.06536176677899963,0,0,0,0,0,0,0,0,0,0,0,0,0,0,0,0,0,0,0,0,0,0,0,0
100,,件数【件】,2010001010,,2010年10月,,48656,3585,1932,35093,303,1621,2010-10-01,7.390798521735676,5.713732805509369,10.465756959365681,8.184513753033722,21,10,0,0,0,0,0,0.046191548172000114,-3.0749584376300043,0,0,0,0,0,0,0,0,1,0,0,-121,-0.0020502093726548765,0,0,0,0,0,0,0,0,0,0,0,0,0,0,0,0,0,0,0,0,0,0,0,0
100,,件数【件】,2010001111,,2010年11月,,44867,3325,1746,33222,272,1375,2010-11-01,7.226209010100671,5.605802066295998,10.410967586051022,8.109224953089955,22,11,0,0,0,0,0,0.04138823671061345,-3.1847585759503505,0,0,0,0,0,0,0,0,0,1,0,-120,-0.022076139491145064,0,0,0,0,0,0,0,0,0,0,0,0,0,0,0,0,0,0,0,0,0,0,0,0
100,,件数【件】,2010001212,,2010年12月,,48499,3259,1933,36239,284,1475,2010-12-01,7.29641326877392,5.648974238161206,10.497891165957215,8.089175678837561,23,12,0,0,0,0,0,0.04070200612599685,-3.2014778971832945,0,0,0,0,0,0,0,0,0,0,1,-119,-0.017534265938024873,0,0,0,0,0,0,0,0,0,0,0,0,0,0,0,0,0,0,0,0,0,0,0,0
100,,件数【件】,2011000101,,2011年1月,,37398,3076,1624,26646,256,1172,2011-01-01,7.066466970136958,5.545177444479562,10.190394324520158,8.031385330625534,24,1,0,0,0,0,0,0.04398408766794266,-3.1239273543831994,0,0,0,0,0,0,0,0,0,0,0,-118,-0.07991767790161353,0,0,0,0,0,0,0,0,0,0,0,0,0,0,0,0,0,0,0,0,0,0,0,0
100,,件数【件】,2011000202,,2011年2月,,35819,3138,1696,25287,296,1136,2011-02-01,7.035268599281097,5.69035945432406,10.138045708665592,8.051340933292979,25,2,0,0,0,0,0,0.04492426938743228,-3.1027771093844954,1,0,0,0,0,0,0,0,0,0,0,-117,-0.039658702323124295,0,0,0,0,0,0,0,0,0,0,0,0,0,0,0,0,0,0,0,0,0,0,0,0
100,,件数【件】,2011000303,,2011年3月,,46402,3703,2039,33730,273,1340,2011-03-01,7.200424892944957,5.60947179518496,10.426142928055697,8.216898580913613,26,3,0,0,0,0,0,0.039727245775274235,-3.225718035110739,0,1,0,0,0,0,0,0,0,0,0,-116,0.020694541231424335,0,0,0,0,0,0,0,0,0,0,0,0,0,0,0,0,0,0,0,0,0,0,0,0
100,,件数【件】,2011000404,,2011年4月,,56070,3751,2018,41850,284,1543,2011-04-01,7.341483852363161,5.648974238161206,10.641847075917621,8.229777750081887,27,4,0,0,0,0,0,0.036869772998805256,-3.3003632235544607,0,0,1,0,0,0,0,0,0,0,0,-115,-0.06791006519501375,0,0,0,0,0,0,0,0,0,0,0,0,0,0,0,0,0,0,0,0,0,0,0,0
100,,件数【件】,2011000505,,2011年5月,,47121,3135,1766,36158,248,1396,2011-05-01,7.241366283322318,5.5134287461649825,10.49565350324196,8.050384453067021,28,5,0,0,0,0,0,0.03860833010675369,-3.2542872199196418,0,0,0,1,0,0,0,0,0,0,0,-114,-0.006708386872736227,0,0,0,0,0,0,0,0,0,0,0,0,0,0,0,0,0,0,0,0,0,0,0,0
100,,件数【件】,2011000606,,2011年6月,,82840,4510,1997,68461,322,1892,2011-06-01,7.545389749611823,5.7745515455444085,11.134019519047316,8.414052432496725,29,6,0,0,0,0,0,0.027636172419333634,-3.5886297694354923,0,0,0,0,1,0,0,0,0,0,0,-113,-0.009555203181126792,0,0,0,0,0,0,0,0,0,0,0,0,0,0,0,0,0,0,0,0,0,0,0,0
100,,件数【件】,2011000707,,2011年7月,,77206,4755,1856,62350,338,1714,2011-07-01,7.446585099157725,5.823045895483019,11.040518951108183,8.46695197497949,30,7,0,0,0,0,0,0.02748997594226143,-3.5939338519504576,0,0,0,0,0,1,0,0,0,0,0,-112,-0.12897624087790138,0,0,0,0,0,0,0,0,0,0,0,0,0,0,0,0,0,0,0,0,0,0,0,0
100,,件数【件】,2011000808,,2011年8月,,52098,3714,1802,39417,322,1500,2011-08-01,7.313220387090301,5.7745515455444085,10.581952474309931,8.219864741912652,31,8,0,0,0,0,0,0.03805464647233427,-3.26873208721963,0,0,0,0,0,0,1,0,0,0,0,-111,-0.04166571860707924,0,0,0,0,0,0,0,0,0,0,0,0,0,0,0,0,0,0,0,0,0,0,0,0
100,,件数【件】,2011000909,,2011年9月,,48019,3427,1750,36118,386,1393,2011-09-01,7.239214973779806,5.955837369464831,10.494546635012288,8.139440521874608,32,9,0,0,0,0,0,0.03856802702253724,-3.255331661232483,0,0,0,0,0,0,0,1,0,0,0,-110,-0.030585909687606883,0,0,0,0,0,0,0,0,0,0,0,0,0,0,0,0,0,0,0,0,0,0,0,0
100,,件数【件】,2011001010,,2011年10月,,49734,3601,1796,36986,343,1480,2011-10-01,7.299797366758161,5.8377304471659395,10.518294741644821,8.188966863648876,33,10,0,0,0,0,0,0.040015140864110746,-3.218497374886661,0,0,0,0,0,0,0,0,1,0,0,-109,-0.08268163402727957,0,0,0,0,0,0,0,0,0,0,0,0,0,0,0,0,0,0,0,0,0,0,0,0
100,,件数【件】,2011001111,,2011年11月,,46619,3291,1743,35206,279,1449,2011-11-01,7.278628942320682,5.631211781821365,10.468971801605917,8.098946748943339,34,11,0,0,0,0,0,0.041157757200477194,-3.190342859285235,0,0,0,0,0,0,0,0,0,1,0,-108,0.035247089776002216,0,0,0,0,0,0,0,0,0,0,0,0,0,0,0,0,0,0,0,0,0,0,0,0
100,,件数【件】,2011001212,,2011年12月,,50051,3330,1782,38248,313,1457,2011-12-01,7.284134806195205,5.746203190540153,10.551846550305939,8.110727582974489,35,12,0,0,0,0,0,0.03809349508471031,-3.2677117441107346,0,0,0,0,0,0,0,0,0,0,1,-107,-0.02086060026343306,0,0,0,0,0,0,0,0,0,0,0,0,0,0,0,0,0,0,0,0,0,0,0,0
100,,件数【件】,2012000101,,2012年1月,,37382,2941,1606,26984,254,1068,2012-01-01,6.97354301952014,5.537334267018537,10.202999376741486,7.9865049385539955,36,1,0,0,0,0,0,0.03957900978357545,-3.229456357221346,0,0,0,0,0,0,0,0,0,0,0,-106,-0.12253916813772836,0,0,0,0,0,0,0,0,0,0,0,0,0,0,0,0,0,0,0,0,0,0,0,0
100,,件数【件】,2012000202,,2012年2月,,37760,3410,1715,26896,296,1123,2012-02-01,7.023758954738443,5.69035945432406,10.199732855648397,8.134467570277563,37,2,0,0,0,0,0,0.04175342058298632,-3.1759739009099537,1,0,0,0,0,0,0,0,0,0,0,-105,-0.04994798124655064,0,0,0,0,0,0,0,0,0,0,0,0,0,0,0,0,0,0,0,0,0,0,0,0
100,,件数【件】,2012000303,,2012年3月,,43174,3809,1941,31156,314,1174,2012-03-01,7.068172000388042,5.749392985908253,10.34676212203984,8.245121966478605,38,3,0,0,0,0,0,0.03768134548722558,-3.2785901216517974,0,1,0,0,0,0,0,0,0,0,0,-104,0.030729967292397742,0,0,0,0,0,0,0,0,0,0,0,0,0,0,0,0,0,0,0,0,0,0,0,0
100,,件数【件】,2012000404,,2012年4月,,54104,3906,1867,39657,349,1376,2012-04-01,7.226936018493289,5.855071922202427,10.58802275624751,8.270269111436624,39,4,0,0,0,0,0,0.03469753133116474,-3.36108673775422,0,0,1,0,0,0,0,0,0,0,0,-103,-0.06572606679274129,0,0,0,0,0,0,0,0,0,0,0,0,0,0,0,0,0,0,0,0,0,0,0,0
100,,件数【件】,2012000505,,2012年5月,,50686,3684,2018,38307,349,1524,2012-05-01,7.329093736246592,5.855071922202427,10.55338792609279,8.211754397375197,40,5,0,0,0,0,0,0.03978385151538883,-3.224294189846199,0,0,0,1,0,0,0,0,0,0,0,-102,0.08619215580273831,0,0,0,0,0,0,0,0,0,0,0,0,0,0,0,0,0,0,0,0,0,0,0,0
100,,件数【件】,2012000606,,2012年6月,,71941,4298,1812,58683,406,1550,2012-06-01,7.346010209913293,6.0063531596017325,10.97990535569447,8.365905077202456,41,6,0,0,0,0,0,0.02641310089804543,-3.633895145781177,0,0,0,0,1,0,0,0,0,0,0,-101,0.008086933075220681,0,0,0,0,0,0,0,0,0,0,0,0,0,0,0,0,0,0,0,0,0,0,0,0
100,,件数【件】,2012000707,,2012年7月,,79743,5291,2048,63589,479,1772,2012-07-01,7.4798641311650265,6.171700597410915,11.060195778394762,8.57376254290413,42,7,0,0,0,0,0,0.027866454889996697,-3.5803316472297353,0,0,0,0,0,1,0,0,0,0,0,-100,-0.05246652355514714,0,0,0,0,0,0,0,0,0,0,0,0,0,0,0,0,0,0,0,0,0,0,0,0
100,,件数【件】,2012000808,,2012年8月,,47586,3764,1840,35156,365,1364,2012-08-01,7.218176838403408,5.8998973535824915,10.467550579684536,8.23323750070527,43,8,0,0,0,0,0,0.03879849812265332,-3.2493737412811283,0,0,0,0,0,0,1,0,0,0,0,-99,0.04060013993345457,0,0,0,0,0,0,0,0,0,0,0,0,0,0,0,0,0,0,0,0,0,0,0,0
100,,件数【件】,2012000909,,2012年9月,,42583,3511,1700,31445,301,1205,2012-09-01,7.094234845924755,5.707110264748875,10.355995266977605,8.163656176168432,44,9,0,0,0,0,0,0.03832087772300843,-3.2617604210528484,0,0,0,0,0,0,0,1,0,0,0,-98,0.025892843094059703,0,0,0,0,0,0,0,0,0,0,0,0,0,0,0,0,0,0,0,0,0,0,0,0
100,,件数【件】,2012001010,,2012年10月,,52509,4318,2046,37835,354,1565,2012-10-01,7.355641102974253,5.869296913133774,10.540989879128622,8.370547611074752,45,10,0,0,0,0,0,0.04136381657195718,-3.1853487761543686,0,0,0,0,0,0,0,0,1,0,0,-97,0.013374477307044774,0,0,0,0,0,0,0,0,0,0,0,0,0,0,0,0,0,0,0,0,0,0,0,0
100,,件数【件】,2012001111,,2012年11月,,44792,3767,1723,32989,392,1199,2012-11-01,7.089243155027514,5.971261839790462,10.403929451547379,8.23403420769204,46,11,0,0,0,0,0,0.03634544848282761,-3.3146862965198656,0,0,0,0,0,0,0,0,0,1,0,-96,-0.026188834856596177,0,0,0,0,0,0,0,0,0,0,0,0,0,0,0,0,0,0,0,0,0,0,0,0
100,,件数【件】,2012001212,,2012年12月,,46365,3692,1807,34536,350,1225,2012-12-01,7.110696122978827,5.857933154483459,10.449757537235314,8.213923595622743,47,12,0,0,0,0,0,0.03547023395876766,-3.339061414256486,0,0,0,0,0,0,0,0,0,0,1,-95,-0.029302757807152524,0,0,0,0,0,0,0,0,0,0,0,0,0,0,0,0,0,0,0,0,0,0,0,0
100,,件数【件】,2013000101,,2013年1月,,35256,3129,1492,25247,272,942,2013-01-01,6.848005274576363,5.605802066295998,10.136462615763627,8.048468743668883,48,1,0,0,0,0,0,0.037311363726383336,-3.288457341187264,0,0,0,0,0,0,0,0,0,0,0,-94,-0.11863263950161418,0,0,0,0,0,0,0,0,0,0,0,0,0,0,0,0,0,0,0,0,0,0,0,0
100,,件数【件】,2013000202,,2013年2月,,35915,3779,1718,24920,294,1045,2013-02-01,6.951772164398911,5.683579767338681,10.123425972901389,8.237214703349489,49,2,0,0,0,0,0,0.04193418940609952,-3.171653808502478,1,0,0,0,0,0,0,0,0,0,0,-93,0.017279623762957108,0,0,0,0,0,0,0,0,0,0,0,0,0,0,0,0,0,0,0,0,0,0,0,0
100,,件数【件】,2013000303,,2013年3月,,42310,4025,2036,30165,307,1112,2013-03-01,7.013915474810528,5.726847747587197,10.314437590874862,8.300280189852664,50,3,0,0,0,0,0,0.03686391513343279,-3.3005221160643345,0,1,0,0,0,0,0,0,0,0,0,-92,0.0717054854818926,0,0,0,0,0,0,0,0,0,0,0,0,0,0,0,0,0,0,0,0,0,0,0,0
100,,件数【件】,2013000404,,2013年4月,,58692,4738,2213,43245,374,1376,2013-04-01,7.226936018493289,5.924255797414532,10.674636898740612,8.463370384718731,51,4,0,0,0,0,0,0.0318187073650133,-3.4477008802473232,0,0,1,0,0,0,0,0,0,0,0,-91,-0.08943269668381237,0,0,0,0,0,0,0,0,0,0,0,0,0,0,0,0,0,0,0,0,0,0,0,0
100,,件数【件】,2013000505,,2013年5月,,50717,4101,2036,38085,393,1349,2013-05-01,7.207118856207756,5.973809611869261,10.547575782806888,8.31898612539206,52,5,0,0,0,0,0,0.03542076933175791,-3.3404569265991326,0,0,0,1,0,0,0,0,0,0,0,-90,0.032936931651836865,0,0,0,0,0,0,0,0,0,0,0,0,0,0,0,0,0,0,0,0,0,0,0,0
100,,件数【件】,2013000606,,2013年6月,,70687,4637,1951,57154,315,1499,2013-06-01,7.312553498102598,5.752572638825633,10.953504658024777,8.441822884391462,53,6,0,0,0,0,0,0.026227385659796338,-3.6409511599221793,0,0,0,0,1,0,0,0,0,0,0,-89,0.06393843153625012,0,0,0,0,0,0,0,0,0,0,0,0,0,0,0,0,0,0,0,0,0,0,0,0
100,,件数【件】,2013000707,,2013年7月,,81969,5704,2266,65186,369,1751,2013-07-01,7.467942332285852,5.910796644040527,11.085000000931881,8.648922962094131,54,7,0,0,0,0,0,0.026861596048231216,-3.617057668646029,0,0,0,0,0,1,0,0,0,0,0,-88,-0.026285032369409045,0,0,0,0,0,0,0,0,0,0,0,0,0,0,0,0,0,0,0,0,0,0,0,0
100,,件数【件】,2013000808,,2013年8月,,44984,3781,1883,32935,341,1170,2013-08-01,7.064759027791802,5.831882477283517,10.402291201074794,8.237743803890933,55,8,0,0,0,0,0,0.03552451798998026,-3.3375321732829915,0,0,0,0,0,0,1,0,0,0,0,-87,0.01534922053362342,0,0,0,0,0,0,0,0,0,0,0,0,0,0,0,0,0,0,0,0,0,0,0,0
100,,件数【件】,2013000909,,2013年9月,,44039,3577,1822,32381,308,1232,2013-09-01,7.116394144093465,5.730099782973574,10.38532711001602,8.182279739259018,56,9,0,0,0,0,0,0.0380470028720546,-3.2689329659225552,0,0,0,0,0,0,0,1,0,0,0,-86,0.08162781082638482,0,0,0,0,0,0,0,0,0,0,0,0,0,0,0,0,0,0,0,0,0,0,0,0
100,,件数【件】,2013001010,,2013年10月,,51509,4165,2218,37142,427,1412,2013-10-01,7.252762418053187,6.056784013228625,10.522503683752998,8.334471554600944,57,10,0,0,0,0,0,0.03801626191373647,-3.269741265699811,0,0,0,0,0,0,0,0,1,0,0,-85,-0.008110499636365454,0,0,0,0,0,0,0,0,0,0,0,0,0,0,0,0,0,0,0,0,0,0,0,0
100,,件数【件】,2013001111,,2013年11月,,44211,3632,1823,32372,375,1214,2013-11-01,7.101675971619444,5.926926025970411,10.385049130615592,8.197538739721184,58,11,0,0,0,0,0,0.03750154454466823,-3.283373158996149,0,0,0,0,0,0,0,0,0,1,0,-84,0.06803181526915258,0,0,0,0,0,0,0,0,0,0,0,0,0,0,0,0,0,0,0,0,0,0,0,0
100,,件数【件】,2013001212,,2013年12月,,47254,3725,2053,34958,433,1177,2013-12-01,7.0707241072602764,6.07073772800249,10.461902619895032,8.22282213081366,59,12,0,0,0,0,0,0.03366897419760856,-3.391178512634755,0,0,0,0,0,0,0,0,0,0,1,-83,-0.0185123435833896,0,0,0,0,0,0,0,0,0,0,0,0,0,0,0,0,0,0,0,0,0,0,0,0
100,,件数【件】,2014000101,,2014年1月,,38364,3555,1861,27042,339,992,2014-01-01,6.899723107284872,5.82600010738045,10.205146491918704,8.176110342237342,60,1,0,0,0,0,0,0.03668367724280749,-3.3054233846338303,0,0,0,0,0,0,0,0,0,0,0,-82,-0.07269117034614858,0,0,0,0,0,0,0,0,0,0,0,0,0,0,0,0,0,0,0,0,0,0,0,0
100,,件数【件】,2014000202,,2014年2月,,34697,3716,1835,23872,260,924,2014-02-01,6.828712071641684,5.560681631015528,10.080461503003487,8.22040309993373,61,2,0,0,0,0,0,0.038706434316353885,-3.2517494313618034,1,0,0,0,0,0,0,0,0,0,0,-81,9.15135056636096e-05,0,0,0,0,0,0,0,0,0,0,0,0,0,0,0,0,0,0,0,0,0,0,0,0
100,,件数【件】,2014000303,,2014年3月,,41120,4051,2162,28904,312,958,2014-03-01,6.86484777797086,5.7430031878094825,10.271735272827476,8.30671904320269,62,3,0,0,0,0,0,0.03314420149460282,-3.4068874948566155,0,1,0,0,0,0,0,0,0,0,0,-80,0.028247619291643655,0,0,0,0,0,0,0,0,0,0,0,0,0,0,0,0,0,0,0,0,0,0,0,0
100,,件数【件】,2014000404,,2014年4月,,56765,4340,2371,41950,426,1230,2014-04-01,7.114769448366463,6.054439346269371,10.644233711895351,8.375629627094451,63,4,0,0,0,0,0,0.02932061978545888,-3.529464263528889,0,0,1,0,0,0,0,0,0,0,0,-79,-0.10828856736334602,0,0,0,0,0,0,0,0,0,0,0,0,0,0,0,0,0,0,0,0,0,0,0,0
100,,件数【件】,2014000505,,2014年5月,,47092,3928,2050,35058,428,1070,2014-05-01,6.975413927455952,6.059123195581797,10.464759111782492,8.275885669474356,64,5,0,0,0,0,0,0.03052085116093331,-3.4893451843265404,0,0,0,1,0,0,0,0,0,0,0,-78,-0.053043813473538926,0,0,0,0,0,0,0,0,0,0,0,0,0,0,0,0,0,0,0,0,0,0,0,0
100,,件数【件】,2014000606,,2014年6月,,71409,4552,2082,57833,541,1266,2014-06-01,7.143617602704121,6.293419278846481,10.96531482599557,8.423321975806166,65,6,0,0,0,0,0,0.02189061608424256,-3.821697223291449,0,0,0,0,1,0,0,0,0,0,0,-77,-0.053900119230987364,0,0,0,0,0,0,0,0,0,0,0,0,0,0,0,0,0,0,0,0,0,0,0,0
100,,件数【件】,2014000707,,2014年7月,,80686,5523,2331,64025,609,1438,2014-07-01,7.271008538280992,6.411818267709897,11.067028911067727,8.616676469901188,66,7,0,0,0,0,0,0.022459976571651698,-3.796020372786734,0,0,0,0,0,1,0,0,0,0,0,-76,-0.14234022390808176,0,0,0,0,0,0,0,0,0,0,0,0,0,0,0,0,0,0,0,0,0,0,0,0
100,,件数【件】,2014000808,,2014年8月,,44596,3632,1970,32827,397,1092,2014-08-01,6.9957661563048505,5.983936280687191,10.39900662648473,8.197538739721184,67,8,0,0,0,0,0,0.03326529990556554,-3.40324047017988,0,0,0,0,0,0,1,0,0,0,0,-75,0.01254843623876667,0,0,0,0,0,0,0,0,0,0,0,0,0,0,0,0,0,0,0,0,0,0,0,0
100,,件数【件】,2014000909,,2014年9月,,47060,3856,1971,34759,431,1193,2014-09-01,7.084226422097916,6.066108090103747,10.456193810265846,8.257385655730436,68,9,0,0,0,0,0,0.03432204608878276,-3.3719673881679304,0,0,0,0,0,0,0,1,0,0,0,-74,0.041500901183041616,0,0,0,0,0,0,0,0,0,0,0,0,0,0,0,0,0,0,0,0,0,0,0,0
100,,件数【件】,2014001010,,2014年10月,,52590,4287,2275,38354,469,1355,2014-10-01,7.2115567333138015,6.150602768446279,10.554614103833462,8.363342466597977,69,10,0,0,0,0,0,0.035328779266830056,-3.34305737051966,0,0,0,0,0,0,0,0,1,0,0,-73,-0.018519091854182435,0,0,0,0,0,0,0,0,0,0,0,0,0,0,0,0,0,0,0,0,0,0,0,0
100,,件数【件】,2014001111,,2014年11月,,40661,3409,1770,29627,363,1009,2014-11-01,6.9167150203536085,5.8944028342648505,10.29644138670722,8.134174272137903,70,11,0,0,0,0,0,0.0340567725385628,-3.379726366353612,0,0,0,0,0,0,0,0,0,1,0,-72,0.03458612051372123,0,0,0,0,0,0,0,0,0,0,0,0,0,0,0,0,0,0,0,0,0,0,0,0
100,,件数【件】,2014001212,,2014年12月,,49578,3711,2061,36833,475,1342,2014-12-01,7.201916317531627,6.163314804034641,10.51414946145713,8.219056661060598,71,12,0,0,0,0,0,0.03643471886623408,-3.3122331439255026,0,0,0,0,0,0,0,0,0,0,1,-71,0.12334053772789488,0,0,0,0,0,0,0,0,0,0,0,0,0,0,0,0,0,0,0,0,0,0,0,0
100,,件数【件】,2015000101,,2015年1月,,42124,3526,1932,29942,443,1221,2015-01-01,7.107425474110705,6.093569770045136,10.307017456009781,8.167919362957816,72,1,0,0,0,0,0,0.040778839088905214,-3.1995919818990775,0,0,0,0,0,0,0,0,0,0,0,-70,0.09604774499063629,0,0,0,0,0,0,0,0,0,0,0,0,0,0,0,0,0,0,0,0,0,0,0,0
100,,件数【件】,2015000202,,2015年2月,,38854,3702,1915,27207,363,1088,2015-02-01,6.992096427415888,5.8944028342648505,10.211229572115677,8.216628493133443,73,2,0,0,0,0,0,0.03998970853089279,-3.2191331446997893,1,0,0,0,0,0,0,0,0,0,0,-69,0.09561531276970969,0,0,0,0,0,0,0,0,0,0,0,0,0,0,0,0,0,0,0,0,0,0,0,0
100,,件数【件】,2015000303,,2015年3月,,48216,4336,2359,34434,490,1199,2015-03-01,7.089243155027514,6.194405391104672,10.446799727336417,8.374707543119483,74,3,0,0,0,0,0,0.0348202358134402,-3.3575565723089036,0,1,0,0,0,0,0,0,0,0,0,-68,0.1404860544413875,0,0,0,0,0,0,0,0,0,0,0,0,0,0,0,0,0,0,0,0,0,0,0,0
100,,件数【件】,2015000404,,2015年4月,,60312,4280,2296,44822,530,1441,2015-04-01,7.273092595999522,6.272877006546167,10.710454369295533,8.361708288575842,75,4,1,0,0,0,0,0.032149390924099776,-3.4373617732960113,0,0,1,0,0,0,0,0,0,0,0,-67,0.6821692506601238,0,0,0,0,0,0,0,0,0,0,0,0,0,0,0,0,0,0,0,0,0,0,0,0
100,,件数【件】,2015000505,,2015年5月,,45885,3454,2022,34053,507,1158,2015-05-01,7.05444965813294,6.2285110035911835,10.43567341342345,8.147288258706624,76,5,1,0,0,1,0,0.03400581446568584,-3.3812237552905087,0,0,0,1,0,0,0,0,0,0,0,-66,0.7712481559059468,0,0,0,0,0,0,0,0,0,0,0,0,0,0,0,0,0,0,0,0,0,0,0,0
100,,件数【件】,2015000606,,2015年6月,,79076,4622,2164,63736,897,1475,2015-06-01,7.29641326877392,6.799055862058796,11.062504831060203,8.438582790834326,77,6,1,0,0,2,0,0.02314233714070541,-3.766091562286282,0,0,0,0,1,0,0,0,0,0,0,-65,0.7356912946704961,0,0,0,0,0,0,0,0,0,0,0,0,0,0,0,0,0,0,0,0,0,0,0,0
100,,件数【件】,2015000707,,2015年7月,,90940,5700,2424,70923,1139,1739,2015-07-01,7.461065514354283,7.037905963447182,11.169350060477907,8.648221453822641,78,7,1,0,0,3,0,0.024519549370444003,-3.7082845461236245,0,0,0,0,0,1,0,0,0,0,0,-64,0.6971965682042063,0,0,0,0,0,0,0,0,0,0,0,0,0,0,0,0,0,0,0,0,0,0,0,0
100,,件数【件】,2015000808,,2015年8月,,51185,3801,2144,37877,695,1117,2015-08-01,7.018401799069201,6.543911845564792,10.542099346698048,8.24301946898925,79,8,1,0,0,4,0,0.02949019193705943,-3.523697547628848,0,0,0,0,0,0,1,0,0,0,0,-63,0.6617075367918397,0,0,0,0,0,0,0,0,0,0,0,0,0,0,0,0,0,0,0,0,0,0,0,0
100,,件数【件】,2015000909,,2015年9月,,48391,3734,1902,35693,741,1025,2015-09-01,6.932447891572509,6.608000625296087,10.482709870110469,8.225235324101668,80,9,1,0,0,5,0,0.028717115400778863,-3.5502619785379603,0,0,0,0,0,0,0,1,0,0,0,-62,0.6506377013679141,0,0,0,0,0,0,0,0,0,0,0,0,0,0,0,0,0,0,0,0,0,0,0,0
100,,件数【件】,2015001010,,2015年10月,,56433,4230,2248,41475,826,1201,2015-10-01,7.0909098220799835,6.716594773520978,10.632846115058646,8.349957272040324,81,10,1,0,0,6,0,0.028957203134418324,-3.5419362929786615,0,0,0,0,0,0,0,0,1,0,0,-61,0.5878485887945821,0,0,0,0,0,0,0,0,0,0,0,0,0,0,0,0,0,0,0,0,0,0,0,0
100,,件数【件】,2015001111,,2015年11月,,46777,3586,1918,34654,661,1132,2015-11-01,7.0317412587631285,6.493753839851686,10.453168438070792,8.184792654165078,82,11,1,0,0,7,0,0.032665781727939054,-3.421427179307664,0,0,0,0,0,0,0,0,0,1,0,-60,0.8159471232202979,0,0,0,0,0,0,0,0,0,0,0,0,0,0,0,0,0,0,0,0,0,0,0,0
100,,件数【件】,2015001212,,2015年12月,,53560,3884,2190,39741,767,1217,2015-12-01,7.104144092987527,6.642486801367256,10.590138679352371,8.264620829411216,83,12,1,0,0,8,0,0.03062328577539569,-3.485994586364844,0,0,0,0,0,0,0,0,0,0,1,-59,0.7904561235020435,0,0,0,0,0,0,0,0,0,0,0,0,0,0,0,0,0,0,0,0,0,0,0,0
100,,件数【件】,2016000101,,2016年1月,,43671,3774,2046,30752,571,1020,2016-01-01,6.927557906278317,6.3473892096560105,10.33371031177002,8.235890725928495,84,1,1,0,0,9,0,0.03316857440166493,-3.4061524054917025,0,0,0,0,0,0,0,0,0,0,0,-58,0.7481795621643648,0,0,0,0,0,0,0,0,0,0,0,0,0,0,0,0,0,0,0,0,0,0,0,0
100,,件数【件】,2016000202,,2016年2月,,41057,4138,2029,28412,638,904,2016-02-01,6.806829360392176,6.45833828334479,10.254566870117701,8.327967858305488,85,2,1,0,0,10,0,0.03181754188371111,-3.447737509725524,1,0,0,0,0,0,0,0,0,0,0,-57,0.7435184010631897,0,0,0,0,0,0,0,0,0,0,0,0,0,0,0,0,0,0,0,0,0,0,0,0
100,,件数【件】,2016000303,,2016年3月,,50377,4836,2372,35507,1399,474,2016-03-01,6.161207321695077,7.243512974665482,10.477485139124067,8.483843211734683,86,3,1,0,0,11,0,0.013349480384149605,-4.31627781742899,0,1,0,0,0,0,0,0,0,0,0,-56,0.07608747519337822,0,0,0,0,0,0,0,0,0,0,0,0,0,0,0,0,0,0,0,0,0,0,0,0
100,,件数【件】,2016000404,,2016年4月,,59777,4675,2281,43563,1723,393,2016-04-01,5.973809611869261,7.45182223652793,10.681963445198846,8.449984441722787,87,4,1,0,0,12,0,0.009021417257764617,-4.708153833329586,0,0,1,0,0,0,0,0,0,0,0,-55,-0.3119327461370709,0,0,0,0,0,0,0,0,0,0,0,0,0,0,0,0,0,0,0,0,0,0,0,0
100,,件数【件】,2016000505,,2016年5月,,49868,3846,1991,37341,1521,295,2016-05-01,5.68697535633982,7.327123292259293,10.527847197669088,8.254788926148725,88,5,1,0,0,13,0,0.007900163359310142,-4.8408718413292675,0,0,0,1,0,0,0,0,0,0,0,-54,-0.4117098668964321,0,0,0,0,0,0,0,0,0,0,0,0,0,0,0,0,0,0,0,0,0,0,0,0
100,,件数【件】,2016000606,,2016年6月,,79601,5028,2275,63982,2073,358,2016-06-01,5.8805329864007,7.636752112435779,11.06635707278361,8.522777569710138,89,6,1,0,0,14,0,0.005595323684786346,-5.18582408638291,0,0,0,0,1,0,0,0,0,0,0,-53,-0.407351166189752,0,0,0,0,0,0,0,0,0,0,0,0,0,0,0,0,0,0,0,0,0,0,0,0
100,,件数【件】,2016000707,,2016年7月,,80816,5213,2282,63475,2324,426,2016-07-01,6.054439346269371,7.751045117971802,11.058401406572878,8.558910784768106,90,7,1,0,0,15,0,0.006711303662859393,-5.003962060303508,0,0,0,0,0,1,0,0,0,0,0,-52,-0.3217908827392977,0,0,0,0,0,0,0,0,0,0,0,0,0,0,0,0,0,0,0,0,0,0,0,0
100,,件数【件】,2016000808,,2016年8月,,56558,4231,2181,42087,1919,239,2016-08-01,5.476463551931511,7.5595594960077,10.647494183386883,8.350193650720067,91,8,1,0,0,16,0,0.005678713141825267,-5.171030631455372,0,0,0,0,0,0,1,0,0,0,0,-51,-0.7089354837983031,0,0,0,0,0,0,0,0,0,0,0,0,0,0,0,0,0,0,0,0,0,0,0,0
100,,件数【件】,2016000909,,2016年9月,,53088,4044,2049,39645,1754,216,2016-09-01,5.375278407684165,7.469654172932128,10.5877201157065,8.304989580140361,92,9,1,0,0,17,0,0.005448354143019296,-5.212441708022334,0,0,0,0,0,0,0,1,0,0,0,-50,-0.7348519648800789,0,0,0,0,0,0,0,0,0,0,0,0,0,0,0,0,0,0,0,0,0,0,0,0
100,,件数【件】,2016001010,,2016年10月,,52403,4052,2067,38040,1881,281,2016-10-01,5.638354669333745,7.53955882930103,10.546393516659327,8.306965865368573,93,10,1,0,0,18,0,0.007386961093585699,-4.908038847325581,0,0,0,0,0,0,0,0,1,0,0,-49,-0.501563902315957,0,0,0,0,0,0,0,0,0,0,0,0,0,0,0,0,0,0,0,0,0,0,0,0
100,,件数【件】,2016001111,,2016年11月,,50482,3992,1956,37257,1796,251,2016-11-01,5.5254529391317835,7.493317248862145,10.525595125616142,8.292047637431354,94,11,1,0,0,19,0,0.006736989022197171,-5.000142186484358,0,0,0,0,0,0,0,0,0,1,0,-48,-0.48607782072001626,0,0,0,0,0,0,0,0,0,0,0,0,0,0,0,0,0,0,0,0,0,0,0,0
100,,件数【件】,2016001212,,2016年12月,,53100,4023,2070,39449,1900,229,2016-12-01,5.43372200355424,7.549609165154532,10.582763977410282,8.299783171949787,95,12,1,0,0,20,0,0.005804963370427641,-5.1490419738560425,0,0,0,0,0,0,0,0,0,0,1,-47,-0.595901200752774,0,0,0,0,0,0,0,0,0,0,0,0,0,0,0,0,0,0,0,0,0,0,0,0
100,,件数【件】,2017000101,,2017年1月,,44715,3752,2060,32113,1392,237,2017-01-01,5.4680601411351315,7.238496840894365,10.377016211557725,8.230044310126114,96,1,1,0,0,21,0,0.007380188708622676,-4.908956070422595,0,0,0,0,0,0,0,0,0,0,0,-46,-0.47793403953014746,0,0,0,0,0,0,0,0,0,0,0,0,0,0,0,0,0,0,0,0,0,0,0,0
100,,件数【件】,2017000202,,2017年2月,,43071,4439,2049,29963,1526,187,2017-02-01,5.231108616854587,7.330405211844402,10.307718566129479,8.398184404834035,97,2,1,0,0,22,0,0.006241030604412108,-5.076609949274892,1,0,0,0,0,0,0,0,0,0,0,-45,-0.6086639752497982,0,0,0,0,0,0,0,0,0,0,0,0,0,0,0,0,0,0,0,0,0,0,0,0
100,,件数【件】,2017000303,,2017年3月,,52878,5358,2426,37452,1687,226,2017-03-01,5.420534999272286,7.430707082545968,10.53081539205878,8.586346050104554,98,3,1,0,0,23,0,0.006034390686745701,-5.1102803927864935,0,1,0,0,0,0,0,0,0,0,0,-44,-0.4412250369277455,0,0,0,0,0,0,0,0,0,0,0,0,0,0,0,0,0,0,0,0,0,0,0,0
100,,件数【件】,2017000404,,2017年4月,,59646,4546,2207,44097,1723,272,2017-04-01,5.605802066295998,7.45182223652793,10.694147031910097,8.422003004412488,99,4,1,0,0,24,0,0.006168220060321564,-5.0883449656141,0,0,1,0,0,0,0,0,0,0,0,-43,-0.41543381518520395,0,0,0,0,0,0,0,0,0,0,0,0,0,0,0,0,0,0,0,0,0,0,0,0
100,,件数【件】,2017000505,,2017年5月,,55364,4345,2249,41428,1797,188,2017-05-01,5.236441962829949,7.493873886783559,10.63171225970877,8.376781037699493,100,5,1,0,0,25,0,0.00453799362749831,-5.39527029687882,0,0,0,1,0,0,0,0,0,0,0,-42,-0.6894182592096048,0,0,0,0,0,0,0,0,0,0,0,0,0,0,0,0,0,0,0,0,0,0,0,0
100,,件数【件】,2017000606,,2017年6月,,77933,4866,2253,62872,1965,222,2017-06-01,5.402677381872279,7.583247524303362,11.04885619254601,8.490027523343468,101,6,1,0,0,26,0,0.003530983585697926,-5.646178810673732,0,0,0,0,1,0,0,0,0,0,0,-41,-0.5910158272441937,0,0,0,0,0,0,0,0,0,0,0,0,0,0,0,0,0,0,0,0,0,0,0,0
100,,件数【件】,2017000707,,2017年7月,,80006,5216,2241,63907,1972,277,2017-07-01,5.6240175061873385,7.586803535162581,11.065184180531768,8.559486103606488,102,7,1,0,0,27,0,0.004334423459088989,-5.441166674344429,0,0,0,0,0,1,0,0,0,0,0,-40,-0.4823054335438375,0,0,0,0,0,0,0,0,0,0,0,0,0,0,0,0,0,0,0,0,0,0,0,0
100,,件数【件】,2017000808,,2017年8月,,59663,4506,2524,44383,1911,219,2017-08-01,5.389071729816501,7.555381944240273,10.700611792219068,8.41316512099219,103,8,1,0,0,28,0,0.004934321699749904,-5.311540062402566,0,0,0,0,0,0,1,0,0,0,0,-39,-0.5727548515091172,0,0,0,0,0,0,0,0,0,0,0,0,0,0,0,0,0,0,0,0,0,0,0,0
100,,件数【件】,2017000909,,2017年9月,,52347,3978,2284,38599,1767,201,2017-09-01,5.303304908059076,7.4770384723196965,10.560981648381585,8.288534459413917,104,9,1,0,0,29,0,0.005207388792455763,-5.25767674032251,0,0,0,0,0,0,0,1,0,0,0,-38,-0.5033969339438746,0,0,0,0,0,0,0,0,0,0,0,0,0,0,0,0,0,0,0,0,0,0,0,0
100,,件数【件】,2017001010,,2017年10月,,58021,4565,2398,41934,1939,237,2017-10-01,5.4680601411351315,7.569927655242652,10.643852232705184,8.426173793029069,105,10,1,0,0,30,0,0.005651738446129632,-5.175792091570053,0,0,0,0,0,0,0,0,1,0,0,-37,-0.4926270833240496,0,0,0,0,0,0,0,0,0,0,0,0,0,0,0,0,0,0,0,0,0,0,0,0
100,,件数【件】,2017001111,,2017年11月,,51837,4176,2165,38112,1795,186,2017-11-01,5.225746673713202,7.492760300922379,10.548284472155027,8.337109129562474,106,11,1,0,0,31,0,0.004880352644836272,-5.322537798441825,0,0,0,0,0,0,0,0,0,1,0,-36,-0.5317833694411025,0,0,0,0,0,0,0,0,0,0,0,0,0,0,0,0,0,0,0,0,0,0,0,0
100,,件数【件】,2017001212,,2017年12月,,55536,4372,2366,40883,1866,201,2017-12-01,5.303304908059076,7.531552381407289,10.618469607703592,8.382975849296429,107,12,1,0,0,32,0,0.0049164689479734855,-5.315164699644516,0,0,0,0,0,0,0,0,0,0,1,-35,-0.4853338633048674,0,0,0,0,0,0,0,0,0,0,0,0,0,0,0,0,0,0,0,0,0,0,0,0
100,,件数【件】,2018000101,,2018年1月,,42771,4058,2100,29583,1424,216,2018-01-01,5.375278407684165,7.261225091971921,10.294955151000439,8.30844552038576,108,1,1,0,0,33,0,0.007301490721022209,-4.919676743316273,0,0,0,0,0,0,0,0,0,0,0,-34,-0.21196464918744606,0,0,0,0,0,0,0,0,0,0,0,0,0,0,0,0,0,0,0,0,0,0,0,0
100,,件数【件】,2018000202,,2018年2月,,40650,4289,2209,27829,1362,150,2018-02-01,5.0106352940962555,7.216709486709457,10.233833921427351,8.36380888451688,109,2,1,0,0,34,0,0.0053900607280175355,-5.2231986273310955,1,0,0,0,0,0,0,0,0,0,0,-33,-0.4785625900696209,0,0,0,0,0,0,0,0,0,0,0,0,0,0,0,0,0,0,0,0,0,0,0,0
100,,件数【件】,2018000303,,2018年3月,,48278,4727,2629,33758,1448,175,2018-03-01,5.1647859739235145,7.277938572945661,10.426972705248874,8.461046030793236,110,3,1,0,0,35,0,0.005183956395521062,-5.262186731325359,0,1,0,0,0,0,0,0,0,0,0,-32,-0.3164413122302303,0,0,0,0,0,0,0,0,0,0,0,0,0,0,0,0,0,0,0,0,0,0,0,0
100,,件数【件】,2018000404,,2018年4月,,61552,4654,2557,45518,1582,263,2018-04-01,5.572154032177765,7.366445148327599,10.725863131103859,8.445482343862237,111,4,1,0,0,36,0,0.0057779340041302345,-5.153709098926094,0,0,1,0,0,0,0,0,0,0,0,-31,-0.20410788526081802,0,0,0,0,0,0,0,0,0,0,0,0,0,0,0,0,0,0,0,0,0,0,0,0
100,,件数【件】,2018000505,,2018年5月,,56187,4589,2654,41548,1645,231,2018-05-01,5.442417710521793,7.405495663199472,10.634604664347702,8.431417414394833,112,5,1,0,0,37,0,0.005559834408395109,-5.1921869538259084,0,0,0,1,0,0,0,0,0,0,0,-30,-0.20964485292031299,0,0,0,0,0,0,0,0,0,0,0,0,0,0,0,0,0,0,0,0,0,0,0,0
100,,件数【件】,2018000606,,2018年6月,,71137,4775,2385,56463,1732,253,2018-06-01,5.53338948872752,7.4570320891223805,10.941340835358673,8.471149252914831,113,6,1,0,0,38,0,0.004480810442236509,-5.407951346631154,0,0,0,0,1,0,0,0,0,0,0,-29,-0.07609829996523487,0,0,0,0,0,0,0,0,0,0,0,0,0,0,0,0,0,0,0,0,0,0,0,0
100,,件数【件】,2018000707,,2018年7月,,81950,5499,2564,64490,1934,364,2018-07-01,5.8971538676367405,7.56734567601324,11.074265452004424,8.612321536507814,114,7,1,0,0,39,0,0.005644285935804001,-5.177111584367682,0,0,0,0,0,1,0,0,0,0,0,-28,0.0584397196692894,0,0,0,0,0,0,0,0,0,0,0,0,0,0,0,0,0,0,0,0,0,0,0,0
100,,件数【件】,2018000808,,2018年8月,,53559,4329,2578,38673,1675,245,2018-08-01,5.501258210544727,7.423568444259167,10.562896961111214,8.37309184744198,115,8,1,0,0,40,0,0.006335169239521113,-5.0616387505664875,0,0,0,0,0,0,1,0,0,0,0,-27,-0.04616347643665897,0,0,0,0,0,0,0,0,0,0,0,0,0,0,0,0,0,0,0,0,0,0,0,0
100,,件数【件】,2018000909,,2018年9月,,42462,3448,1986,30825,1329,219,2018-09-01,5.389071729816501,7.192182058713246,10.336081328032545,8.145549631783584,116,9,1,0,0,41,0,0.007104622871046229,-4.947009598216044,0,0,0,0,0,0,0,1,0,0,0,-26,0.083960271398972,0,0,0,0,0,0,0,0,0,0,0,0,0,0,0,0,0,0,0,0,0,0,0,0
100,,件数【件】,2018001010,,2018年10月,,58837,4592,2633,42262,1908,311,2018-10-01,5.739792912179234,7.553810852008231,10.651643616126872,8.432070937999402,117,10,1,0,0,42,0,0.007358856656097677,-4.911850703947638,0,0,0,0,0,0,0,0,1,0,0,-25,0.04800436753474635,0,0,0,0,0,0,0,0,0,0,0,0,0,0,0,0,0,0,0,0,0,0,0,0
100,,件数【件】,2018001111,,2018年11月,,50153,4047,2226,36498,1693,214,2018-11-01,5.365976015021851,7.4342573821331355,10.505012743548761,8.305731144875866,118,11,1,0,0,43,0,0.005863334977259028,-5.139036728526909,0,0,0,0,0,0,0,0,0,1,0,-24,-0.07159223628980627,0,0,0,0,0,0,0,0,0,0,0,0,0,0,0,0,0,0,0,0,0,0,0,0
100,,件数【件】,2018001212,,2018年12月,,50095,3802,2170,36932,1620,214,2018-12-01,5.365976015021851,7.3901814282264295,10.516833662892518,8.243282523048375,119,12,1,0,0,44,0,0.005794433012022095,-5.150857647870667,0,0,0,0,0,0,0,0,0,0,1,-23,-0.044336748294638184,0,0,0,0,0,0,0,0,0,0,0,0,0,0,0,0,0,0,0,0,0,0,0,0
100,,件数【件】,2019000101,,2019年1月,,42212,3433,2039,30027,1335,195,2019-01-01,5.272999558563747,7.19668657083435,10.309852255887128,8.141189793457691,120,1,1,0,0,45,0,0.006494155260265761,-5.036852697323382,0,0,0,0,0,0,0,0,0,0,0,-22,-0.052450539958173614,0,0,0,0,0,0,0,0,0,0,0,0,0,0,0,0,0,0,0,0,0,0,0,0
100,,件数【件】,2019000202,,2019年2月,,40780,3836,1954,28433,1345,187,2019-02-01,5.231108616854587,7.20414929203594,10.255305721413517,8.252185436003328,121,2,1,0,0,46,0,0.006576864910491331,-5.0241971045589295,1,0,0,0,0,0,0,0,0,0,0,-21,-0.0028710040610748777,0,0,0,0,0,0,0,0,0,0,0,0,0,0,0,0,0,0,0,0,0,0,0,0
100,,件数【件】,2019000303,,2019年3月,,46196,4107,2304,33075,1348,162,2019-03-01,5.087596335232384,7.206377291472252,10.406532988983157,8.320448113956559,122,3,1,0,0,47,0,0.004897959183673469,-5.3189366537507725,0,1,0,0,0,0,0,0,0,0,0,-20,-0.09650117141926362,0,0,0,0,0,0,0,0,0,0,0,0,0,0,0,0,0,0,0,0,0,0,0,0
100,,件数【件】,2019000404,,2019年4月,,62192,4415,2329,46014,1668,309,2019-04-01,5.733341276897746,7.419380582918692,10.736700976992914,8.392763113038061,123,4,1,0,0,48,0,0.00671534750293389,-5.003359700095169,0,0,1,0,0,0,0,0,0,0,0,-19,0.2229315768064879,0,0,0,0,0,0,0,0,0,0,0,0,0,0,0,0,0,0,0,0,0,0,0,0
100,,件数【件】,2019000505,,2019年5月,,53394,3966,2213,39887,1566,239,2019-05-01,5.476463551931511,7.356279876550748,10.593805735252527,8.285513309079741,124,5,1,0,0,49,0,0.005991927194323965,-5.117342183321015,0,0,0,1,0,0,0,0,0,0,0,-18,0.14188998082096127,0,0,0,0,0,0,0,0,0,0,0,0,0,0,0,0,0,0,0,0,0,0,0,0
100,,件数【件】,2019000606,,2019年6月,,70446,4310,2140,56598,1729,233,2019-06-01,5.4510384535657,7.455298485683291,10.943728927877908,8.368693183097793,125,6,1,0,0,50,0,0.004116753242164034,-5.492690474312208,0,0,0,0,1,0,0,0,0,0,0,-17,0.11585263559009107,0,0,0,0,0,0,0,0,0,0,0,0,0,0,0,0,0,0,0,0,0,0,0,0
100,,件数【件】,2019000707,,2019年7月,,85737,5308,2491,68417,2080,319,2019-07-01,5.765191102784844,7.640123172695364,11.133376610741882,8.576970395452099,126,7,1,0,0,51,0,0.004662583860736366,-5.368185507957038,0,0,0,0,0,1,0,0,0,0,0,-16,0.14405585931631393,0,0,0,0,0,0,0,0,0,0,0,0,0,0,0,0,0,0,0,0,0,0,0,0
100,,件数【件】,2019000808,,2019年8月,,51553,3935,2304,37950,1571,256,2019-08-01,5.545177444479562,7.359467638255621,10.544024782823776,8.277666160851503,127,8,1,0,0,52,0,0.006745718050065876,-4.998847338344214,0,0,0,0,0,0,1,0,0,0,0,-15,0.29331799902199585,0,0,0,0,0,0,0,0,0,0,0,0,0,0,0,0,0,0,0,0,0,0,0,0
100,,件数【件】,2019000909,,2019年9月,,47336,3570,2030,35036,1489,181,2019-09-01,5.198497031265826,7.305860032684009,10.464131383282979,8.180320874773685,128,9,1,0,0,53,0,0.005166114853293755,-5.265634352017154,0,0,0,0,0,0,0,1,0,0,0,-14,0.04202558083424268,0,0,0,0,0,0,0,0,0,0,0,0,0,0,0,0,0,0,0,0,0,0,0,0
100,,件数【件】,2019001010,,2019年10月,,55421,4261,2367,40593,1718,262,2019-10-01,5.568344503761097,7.4489161025442,10.611350916931753,8.357259153499912,129,10,1,0,0,54,0,0.006454314783337029,-5.043006413170657,0,0,0,0,0,0,0,0,1,0,0,-13,0.1935387215481077,0,0,0,0,0,0,0,0,0,0,0,0,0,0,0,0,0,0,0,0,0,0,0,0
100,,件数【件】,2019001111,,2019年11月,,50064,3827,2088,36946,1681,206,2019-11-01,5.327876168789581,7.427144133408616,10.517212666118583,8.249836485425702,130,11,1,0,0,55,0,0.005575705083094245,-5.189336497329002,0,0,0,0,0,0,0,0,0,1,0,-12,0.15479805814448078,1,0,0,0,0,0,0,0,0,0,0,0,0,0,0,0,0,0,0,0,0,0,0,0
100,,件数【件】,2019001212,,2019年12月,,52720,3884,2217,39066,1662,237,2019-12-01,5.4680601411351315,7.415776975415394,10.573007802464916,8.264620829411216,131,12,1,0,0,56,0,0.006066656427584088,-5.104947661329786,0,0,0,0,0,0,0,0,0,0,1,-11,0.2782633014826237,0,1,0,0,0,0,0,0,0,0,0,0,0,0,0,0,0,0,0,0,0,0,0,0
100,,件数【件】,2020000101,,2020年1月,,43239,3482,2095,30650,1328,222,2020-01-01,5.402677381872279,7.191429330036379,10.330387941364357,8.155362120328135,132,1,1,0,0,57,0,0.007243066884176183,-4.927710559492078,0,0,0,0,0,0,0,0,0,0,0,-10,0.3333816611095104,0,0,1,0,0,0,0,0,0,0,0,0,0,0,0,0,0,0,0,0,0,0,0,0
100,,件数【件】,2020000202,,2020年2月,,39316,3592,1937,27583,1252,169,2020-02-01,5.1298987149230735,7.132497551660044,10.224954919906036,8.18646442942209,133,2,1,0,0,58,0,0.006126962259362651,-5.095056204982962,1,0,0,0,0,0,0,0,0,0,0,-9,0.20295995875127293,0,0,0,1,0,0,0,0,0,0,0,0,0,0,0,0,0,0,0,0,0,0,0,0
100,,件数【件】,2020000303,,2020年3月,,50756,4491,2332,36550,1481,203,2020-03-01,5.313205979041787,7.300472814267799,10.506436465177925,8.409830673087738,134,3,1,0,0,59,0,0.0055540355677154585,-5.193230486136137,0,1,0,0,0,0,0,0,0,0,0,-8,0.30589505943175244,0,0,0,0,1,0,0,0,0,0,0,0,0,0,0,0,0,0,0,0,0,0,0,0
100,,件数【件】,2020000404,,2020年4月,,53796,3978,1821,40080,1406,226,2020-04-01,5.420534999272286,7.2485040723706105,10.598632735758747,8.288534459413917,135,4,1,0,0,60,0,0.005638722554890219,-5.17809773648646,0,0,1,0,0,0,0,0,0,0,0,-7,0.32488360365157654,0,0,0,0,0,1,0,0,0,0,0,0,0,0,0,0,0,0,0,0,0,0,0,0
100,,件数【件】,2020000505,,2020年5月,,51324,4234,2040,38407,1470,197,2020-05-01,5.2832037287379885,7.293017679772782,10.555995013629378,8.350902451694811,136,5,1,0,0,61,0,0.005129273309552946,-5.272791284891389,0,0,0,1,0,0,0,0,0,0,0,-6,0.263130942486967,0,0,0,0,0,0,1,0,0,0,0,0,0,0,0,0,0,0,0,0,0,0,0,0
100,,件数【件】,2020000606,,2020年6月,,81936,5488,2441,65693,1976,217,2020-06-01,5.37989735354046,7.588829878307813,11.092747653895325,8.610319169405722,137,6,1,0,0,62,0,0.0033032438768209704,-5.712850300354866,0,0,0,0,1,0,0,0,0,0,0,-5,0.17238287278381303,0,0,0,0,0,0,0,1,0,0,0,0,0,0,0,0,0,0,0,0,0,0,0,0
100,,件数【件】,2020000707,,2020年7月,,81207,5656,2254,64335,1997,279,2020-07-01,5.631211781821365,7.599401333415815,11.07185908561909,8.640472207576408,138,7,1,0,0,63,0,0.004336675215667988,-5.440647303797725,0,0,0,0,0,1,0,0,0,0,0,-4,0.3482841267120076,0,0,0,0,0,0,0,0,1,0,0,0,0,0,0,0,0,0,0,0,0,0,0,0
100,,件数【件】,2020000808,,2020年8月,,52044,4232,2288,38348,1644,196,2020-08-01,5.278114659230517,7.404887575616125,10.554457654196888,8.350429973538136,139,8,1,0,0,64,0,0.005111087931574007,-5.27634299496637,0,0,0,0,0,0,1,0,0,0,0,-3,0.29251240563621916,0,0,0,0,0,0,0,0,0,1,0,0,0,0,0,0,0,0,0,0,0,0,0,0
100,,件数【件】,2020000909,,2020年9月,,51698,4589,2218,37663,1652,190,2020-09-01,5.247024072160486,7.409741954080923,10.53643345915528,8.431417414394833,140,9,1,0,0,65,0,0.005044738868385418,-5.289409386994794,0,0,0,0,0,0,0,1,0,0,0,-2,0.2949406090929827,0,0,0,0,0,0,0,0,0,0,1,0,0,0,0,0,0,0,0,0,0,0,0,0
100,,件数【件】,2020001010,,2020年10月,,57633,5054,2442,41605,1805,228,2020-10-01,5.429345628954441,7.498315870766981,10.63597563133453,8.52793528794814,141,10,1,0,0,66,0,0.005480110563634178,-5.2066300023800896,0,0,0,0,0,0,0,0,1,0,0,-1,0.30660519557505594,0,0,0,0,0,0,0,0,0,0,0,0,0,0,0,0,0,0,0,0,0,0,0,0
100,,件数【件】,2020001111,,2020年11月,,47729,4041,2005,34893,1515,175,2020-11-01,5.1647859739235145,7.323170717943469,10.460041515007148,8.304247465078474,142,11,1,1,0,67,0,0.005015332588198206,-5.295255541083635,0,0,0,0,0,0,0,0,0,1,0,0,0.3255690776262288,0,0,0,0,0,0,0,0,0,0,0,1,0,0,0,0,0,0,0,0,0,0,0,0
100,,件数【件】,2020001212,,2020年12月,,52618,4339,2163,38648,1681,212,2020-12-01,5.356586274672012,7.427144133408616,10.562250306234242,8.37539918579835,143,12,1,1,0,68,1,0.005485406748085283,-5.20566403156223,0,0,0,0,0,0,0,0,0,0,1,1,0.45423699448655963,0,0,0,0,0,0,0,0,0,0,0,0,1,0,0,0,0,0,0,0,0,0,0,0
100,,件数【件】,2021000101,,2021年1月,,43807,3951,1993,30955,1361,194,2021-01-01,5.267858159063328,7.215975002651466,10.340289815953332,8.281723990411392,144,1,1,1,0,69,2,0.006267162009368438,-5.0724316568900045,0,0,0,0,0,0,0,0,0,0,0,2,0.4653506269479637,0,0,0,0,0,0,0,0,0,0,0,0,0,1,0,0,0,0,0,0,0,0,0,0
100,,件数【件】,2021000202,,2021年2月,,39989,3984,2044,27919,1235,162,2021-02-01,5.087596335232384,7.118826249062078,10.237062739615967,8.290041618704489,145,2,1,1,0,70,3,0.005802500089544755,-5.149466404383583,1,0,0,0,0,0,0,0,0,0,0,3,0.42523982258703263,0,0,0,0,0,0,0,0,0,0,0,0,0,0,1,0,0,0,0,0,0,0,0,0
100,,件数【件】,2021000303,,2021年3月,,56993,5516,2802,40621,1632,213,2021-03-01,5.3612921657094255,7.397561535524052,10.612040453245921,8.615408238913192,146,3,1,1,0,71,4,0.005243593215331971,-5.250748287536497,0,1,0,0,0,0,0,0,0,0,0,4,0.5250673212677732,0,0,0,0,0,0,0,0,0,0,0,0,0,0,0,1,0,0,0,0,0,0,0,0
100,,件数【件】,2021000404,,2021年4月,,65388,5155,2455,48156,1742,321,2021-04-01,5.771441123130016,7.462789157412448,10.782201020054917,8.54772239645106,147,4,1,1,0,72,5,0.006665836032893098,-5.010759896924901,0,0,1,0,0,0,0,0,0,0,0,5,0.7689115064495162,0,0,0,0,0,0,0,0,0,0,0,0,0,0,0,0,1,0,0,0,0,0,0,0
100,,件数【件】,2021000505,,2021年5月,,49034,4200,2151,36216,1376,167,2021-05-01,5.117993812416755,7.226936018493289,10.497256289115795,8.34283980427146,148,5,1,1,0,73,6,0.004611221559531698,-5.379262476699039,0,0,0,1,0,0,0,0,0,0,0,6,0.43334981391569816,0,0,0,0,0,0,0,0,0,0,0,0,0,0,0,0,0,1,0,0,0,0,0,0
100,,件数【件】,2021000606,,2021年6月,,77239,5520,2394,61196,1873,243,2021-06-01,5.493061443340548,7.5352967024440884,11.02183710688727,8.616133139271142,149,6,1,1,0,74,7,0.003970847767827962,-5.528775663546721,0,0,0,0,1,0,0,0,0,0,0,7,0.6331475728283387,0,0,0,0,0,0,0,0,0,0,0,0,0,0,0,0,0,0,1,0,0,0,0,0
100,,件数【件】,2021000707,,2021年7月,,75294,5045,2053,59893,1803,319,2021-07-01,5.765191102784844,7.497207223203318,11.000314915838985,8.52615293278771,150,7,1,1,0,75,8,0.005326164994239727,-5.23512381305414,0,0,0,0,0,1,0,0,0,0,0,8,0.8304976806919724,0,0,0,0,0,0,0,0,0,0,0,0,0,0,0,0,0,0,0,1,0,0,0,0
100,,件数【件】,2021000808,,2021年8月,,55717,4549,2414,40884,1674,221,2021-08-01,5.3981627015177525,7.422971251049421,10.618494067448967,8.422662707570003,151,8,1,1,0,76,9,0.0054055376186283146,-5.220331365931214,0,0,0,0,0,0,1,0,0,0,0,9,0.6252140979077554,0,0,0,0,0,0,0,0,0,0,0,0,0,0,0,0,0,0,0,0,1,0,0,0
100,,件数【件】,2021000909,,2021年9月,,50919,4312,2153,37114,1554,217,2021-09-01,5.37989735354046,7.348587530927593,10.521749535904284,8.369157112588834,152,9,1,1,0,77,10,0.0058468502451904944,-5.141852182363825,0,0,0,0,0,0,0,1,0,0,0,10,0.7191878769603326,0,0,0,0,0,0,0,0,0,0,0,0,0,0,0,0,0,0,0,0,0,1,0,0
100,,件数【件】,2021001010,,2021年10月,,55873,4761,2399,40285,1756,264,2021-10-01,5.575949103146316,7.470793774195062,10.603734470211297,8.46821300919452,153,10,1,1,0,78,11,0.006553307682760333,-5.02778536706498,0,0,0,0,0,0,0,0,1,0,0,11,0.7621398941265456,0,0,0,0,0,0,0,0,0,0,0,0,0,0,0,0,0,0,0,0,0,0,1,0
100,,件数【件】,2021001111,,2021年11月,,50293,4214,2086,36682,1565,208,2021-11-01,5.337538079701318,7.355641102974253,10.510041450510977,8.346167594364134,154,11,1,1,0,79,12,0.005670356032931683,-5.17250337080966,0,0,0,0,0,0,0,0,0,1,0,12,0.7250113111365835,0,0,0,0,0,0,0,0,0,0,0,0,0,0,0,0,0,0,0,0,0,0,0,1
100,,件数【件】,2021001212,,2021年12月,,51889,4159,2165,38152,1600,200,2021-12-01,5.298317366548036,7.3777589082278725,10.54933345997806,8.33302993974291,155,12,1,1,0,80,13,0.005242189138184106,-5.251016093430024,0,0,0,0,0,0,0,0,0,0,1,13,0.6855749958551467,0,0,0,0,0,0,0,0,0,0,0,0,0,0,0,0,0,0,0,0,0,0,0,0
100,,件数【件】,2022000101,,2022年1月,,43545,3746,2028,30834,1240,174,2022-01-01,5.159055299214529,7.122866658599083,10.336373256220284,8.228443883004033,156,1,1,1,0,81,14,0.005643121229811247,-5.177317957005756,0,0,0,0,0,0,0,0,0,0,0,14,0.6371543900685932,0,0,0,0,0,0,0,0,0,0,0,0,0,0,0,0,0,0,0,0,0,0,0,0
100,,件数【件】,2022000202,,2022年2月,,38897,3800,1897,27415,1105,170,2022-02-01,5.135798437050262,7.007600613951853,10.21884558783815,8.242756345714477,157,2,1,1,0,82,15,0.006200984862301659,-5.083047150787887,1,0,0,0,0,0,0,0,0,0,0,15,0.7683491394191089,0,0,0,0,0,0,0,0,0,0,0,0,0,0,0,0,0,0,0,0,0,0,0,0
100,,件数【件】,2022000303,,2022年3月,,50907,4683,2280,36606,1387,187,2022-03-01,5.231108616854587,7.234898420314831,10.507967440379907,8.451694209183541,158,3,1,1,0,83,16,0.005108452166311533,-5.276858823525321,0,1,0,0,0,0,0,0,0,0,0,16,0.7756468485153292,0,0,0,0,0,0,0,0,0,0,0,0,0,0,0,0,0,0,0,0,0,0,0,0
100,,件数【件】,2022000404,,2022年4月,,60925,4518,2082,45566,1550,286,2022-04-01,5.655991810819852,7.346010209913293,10.726917103358996,8.415824697027949,159,4,1,1,1,84,17,0.006276609752885924,-5.070925292539143,0,0,1,0,0,0,0,0,0,0,0,17,0.9854361740716548,0,0,0,0,0,0,0,0,0,0,0,0,0,0,0,0,0,0,0,0,0,0,0,0
100,,件数【件】,2022000505,,2022年5月,,50484,3992,2081,37786,1367,192,2022-05-01,5.2574953720277815,7.220373836723949,10.539693942633264,8.292047637431354,160,5,1,1,1,85,18,0.005081247022706822,-5.282198570605482,0,0,0,1,0,0,0,0,0,0,0,18,0.8071037832456351,0,0,0,0,0,0,0,0,0,0,0,0,0,0,0,0,0,0,0,0,0,0,0,0
100,,件数【件】,2022000606,,2022年6月,,75184,5050,2192,60085,1734,251,2022-06-01,5.5254529391317835,7.458186157340487,11.0035155053454,8.527143522269405,161,6,1,1,1,86,19,0.00417741532828493,-5.478062566213616,0,0,0,0,1,0,0,0,0,0,0,19,0.9605507333978238,0,0,0,0,0,0,0,0,0,0,0,0,0,0,0,0,0,0,0,0,0,0,0,0
100,,件数【件】,2022000707,,2022年7月,,74372,4926,2017,59252,1690,276,2022-07-01,5.62040086571715,7.432483807917119,10.989554813701943,8.502282578680484,162,7,1,1,1,87,20,0.004658070613650172,-5.369153947984793,0,0,0,0,0,1,0,0,0,0,0,20,0.9731576089976999,0,0,0,0,0,0,0,0,0,0,0,0,0,0,0,0,0,0,0,0,0,0,0,0
100,,件数【件】,2022000808,,2022年8月,,55399,4501,2395,40748,1536,229,2022-08-01,5.43372200355424,7.336936913707618,10.615162037709958,8.412054873292933,163,8,1,1,1,88,21,0.0056199077255325415,-5.181440034155718,0,0,0,0,0,0,1,0,0,0,0,21,0.9407954929196318,0,0,0,0,0,0,0,0,0,0,0,0,0,0,0,0,0,0,0,0,0,0,0,0
100,,件数【件】,2022000909,,2022年9月,,51052,4115,2095,35876,1399,212,2022-09-01,5.356586274672012,7.243512974665482,10.487823827237893,8.32239411311117,164,9,1,1,1,89,22,0.005909242947931765,-5.1312375525658815,0,0,0,0,0,0,0,1,0,0,0,22,1.0064925699946556,0,0,0,0,0,0,0,0,0,0,0,0,0,0,0,0,0,0,0,0,0,0,0,0
100,,件数【件】,2022001010,,2022年10月,,53469,4362,2175,38481,1557,264,2022-10-01,5.575949103146316,7.350516171833998,10.55791989196796,8.380685946761574,165,10,1,1,1,90,23,0.006860528572542293,-4.981970788821644,0,0,0,0,0,0,0,0,1,0,0,23,1.0846445356062615,0,0,0,0,0,0,0,0,0,0,0,0,0,0,0,0,0,0,0,0,0,0,0,0
100,,件数【件】,2022001111,,2022年11月,,50768,4355,2084,37139,1527,195,2022-11-01,5.272999558563747,7.3310603052186325,10.52242290939612,8.379079889286603,166,11,1,1,1,91,24,0.005250545248929697,-5.249423350832373,0,0,0,0,0,0,0,0,0,1,0,24,0.9247813943502514,0,0,0,0,0,0,0,0,0,0,0,0,0,0,0,0,0,0,0,0,0,0,0,0
100,,件数【件】,2022001212,,2022年12月,,50934,3993,2064,37390,1523,192,2022-12-01,5.2574953720277815,7.328437352895162,10.529158567971159,8.292298107063221,167,12,1,1,1,92,25,0.005135062851029687,-5.271663195943378,0,0,0,0,0,0,0,0,0,0,1,25,0.9416179565781722,0,0,0,0,0,0,0,0,0,0,0,0,0,0,0,0,0,0,0,0,0,0,0,0
100,,件数【件】,2023000101,,2023年1月,,43619,3643,1922,31149,1165,185,2023-01-01,5.220355825078324,7.060476365999801,10.346537420971563,8.200562797008564,168,1,1,1,1,93,26,0.005939195479790683,-5.126181595893239,0,0,0,0,0,0,0,0,0,0,0,26,0.9649808144174905,0,0,0,0,0,0,0,0,0,0,0,0,0,0,0,0,0,0,0,0,0,0,0,0
100,,件数【件】,2023000202,,2023年2月,,41868,3986,1953,29646,1116,153,2023-02-01,5.030437921392435,7.017506142941256,10.297082488073805,8.29054350077274,169,2,1,1,1,94,27,0.0051608986035215545,-5.26664456668137,1,0,0,0,0,0,0,0,0,0,0,27,0.8614417867620059,0,0,0,0,0,0,0,0,0,0,0,0,0,0,0,0,0,0,0,0,0,0,0,0
100,,件数【件】,2023000303,,2023年3月,,52397,4808,2372,37871,1312,218,2023-03-01,5.384495062789089,7.179307969504034,10.541940926673426,8.478036476215044,170,3,1,1,1,95,28,0.00575638351245016,-5.1574458638843375,0,1,0,0,0,0,0,0,0,0,0,28,1.1717498713926933,0,0,0,0,0,0,0,0,0,0,0,0,0,0,0,0,0,0,0,0,0,0,0,0
100,,件数【件】,2023000404,,2023年4月,,63280,4425,2088,47925,1589,326,2023-04-01,5.786897381366708,7.370860166536716,10.777392567913845,8.39502555744203,171,4,1,1,1,96,29,0.006802295252999478,-4.990495186547138,0,0,1,0,0,0,0,0,0,0,0,29,1.34255634330004,0,0,0,0,0,0,0,0,0,0,0,0,0,0,0,0,0,0,0,0,0,0,0,0
100,,件数【件】,2023000505,,2023年5月,,54166,4450,2272,40328,1470,252,2023-05-01,5.529429087511423,7.293017679772782,10.604801295762467,8.400659375160286,172,5,1,1,1,97,30,0.006248760166633604,-5.075372208251044,0,0,0,1,0,0,0,0,0,0,0,30,1.2906202088364536,0,0,0,0,0,0,0,0,0,0,0,0,0,0,0,0,0,0,0,0,0,0,0,0
100,,件数【件】,2023000606,,2023年6月,,75215,4873,2175,60871,1615,223,2023-06-01,5.407171771460119,7.387090235656757,11.016512149807108,8.491465042843506,173,6,1,1,1,98,31,0.003663485074994661,-5.609340378346988,0,0,0,0,1,0,0,0,0,0,0,31,1.1059629845008327,0,0,0,0,0,0,0,0,0,0,0,0,0,0,0,0,0,0,0,0,0,0,0,0
100,,件数【件】,2023000707,,2023年7月,,74552,4733,2026,60201,1565,276,2023-07-01,5.62040086571715,7.355641102974253,11.005444242454628,8.462314529906248,174,7,1,1,1,99,32,0.004584641451138685,-5.385043376737477,0,0,0,0,0,1,0,0,0,0,0,32,1.2339582434813963,0,0,0,0,0,0,0,0,0,0,0,0,0,0,0,0,0,0,0,0,0,0,0,0
100,,件数【件】,2023000808,,2023年8月,,56648,4490,2333,42576,1428,227,2023-08-01,5.424950017481403,7.2640301428995295,10.65904599321747,8.4096079807363,175,8,1,1,1,100,33,0.005331642239759489,-5.234095975736068,0,0,0,0,0,0,1,0,0,0,0,33,1.1648296145756616,0,0,0,0,0,0,0,0,0,0,0,0,0,0,0,0,0,0,0,0,0,0,0,0
100,,件数【件】,2023000909,,2023年9月,,49854,4339,2074,36552,1398,174,2023-09-01,5.159055299214529,7.242797922793756,10.506491183243108,8.37539918579835,176,9,1,1,1,101,34,0.0047603414313854234,-5.347435884028578,0,0,0,0,0,0,0,1,0,0,0,34,1.066984301768339,0,0,0,0,0,0,0,0,0,0,0,0,0,0,0,0,0,0,0,0,0,0,0,0
100,,件数【件】,2023001010,,2023年10月,,58088,4991,2418,42183,1601,282,2023-10-01,5.641907070938114,7.3783837129967145,10.649772575258925,8.515391569469609,177,10,1,1,1,102,35,0.006685157527914089,-5.007865504320812,0,0,0,0,0,0,0,0,1,0,0,35,1.3354398833434749,0,0,0,0,0,0,0,0,0,0,0,0,0,0,0,0,0,0,0,0,0,0,0,0
100,,件数【件】,2023001111,,2023年11月,,52610,4463,2188,38919,1428,182,2023-11-01,5.204006687076795,7.2640301428995295,10.569237842239122,8.40357646462927,178,11,1,1,1,103,36,0.004676379146432334,-5.365231155162327,0,0,0,0,0,0,0,0,0,1,0,36,1.0856636532566775,0,0,0,0,0,0,0,0,0,0,0,0,0,0,0,0,0,0,0,0,0,0,0,0
100,,件数【件】,2023001212,,2023年12月,,53397,4211,2085,39839,1490,225,2023-12-01,5.41610040220442,7.306531398939505,10.592601610981907,8.345455428161928,179,12,1,1,1,104,37,0.0056477321217902055,-5.176501208777488,0,0,0,0,0,0,0,0,0,0,1,37,1.3134700069804426,0,0,0,0,0,0,0,0,0,0,0,0,0,0,0,0,0,0,0,0,0,0,0,0
100,,件数【件】,2024000101,,2024年1月,,45905,3820,2061,33051,1191,186,2024-01-01,5.225746673713202,7.0825485693553,10.405807102008175,8.24800570160062,180,1,1,1,1,105,38,0.00562766633384769,-5.180060428294974,0,0,0,0,0,0,0,0,0,0,0,38,1.1877920452521362,0,0,0,0,0,0,0,0,0,0,0,0,0,0,0,0,0,0,0,0,0,0,0,0
100,,件数【件】,2024000202,,2024年2月,,43310,4149,2027,30780,1224,195,2024-02-01,5.272999558563747,7.1098794630722715,10.33462040739287,8.330622620332868,181,2,1,1,1,106,39,0.006335282651072124,-5.061620848829124,1,0,0,0,0,0,0,0,0,0,0,39,1.3431555678506326,0,0,0,0,0,0,0,0,0,0,0,0,0,0,0,0,0,0,0,0,0,0,0,0
100,,件数【件】,2024000303,,2024年3月,,47051,4496,2175,33534,1166,196,2024-03-01,5.278114659230517,7.061334366910438,10.420315128497753,8.410943391573527,182,3,1,1,1,107,40,0.0058448142184052004,-5.142200469267236,0,1,0,0,0,0,0,0,0,0,0,40,1.4636853292461751,0,0,0,0,0,0,0,0,0,0,0,0,0,0,0,0,0,0,0,0,0,0,0,0
100,,件数【件】,2024000404,,2024年4月,,65420,4693,2185,49520,1525,291,2024-04-01,5.673323267171493,7.329749689041512,10.810131907358478,8.453827315794417,183,4,1,1,1,108,41,0.005876413570274636,-5.1368086401869855,0,0,1,0,0,0,0,0,0,0,0,41,1.4729329528965724,0,0,0,0,0,0,0,0,0,0,0,0,0,0,0,0,0,0,0,0,0,0,0,0
100,,件数【件】,2024000505,,2024年5月,,57537,4692,2395,43180,1488,237,2024-05-01,5.4680601411351315,7.305188215393037,10.673132704068799,8.453614209773367,184,5,1,1,1,109,42,0.005488652153774896,-5.205072562933667,0,0,0,1,0,0,0,0,0,0,0,42,1.437609917390211,0,0,0,0,0,0,0,0,0,0,0,0,0,0,0,0,0,0,0,0,0,0,0,0
100,,件数【件】,2024000606,,2024年6月,,67034,4437,2175,53354,1484,238,2024-06-01,5.472270673671475,7.302496423727326,10.884704230489119,8.39773375137891,185,6,1,1,1,110,43,0.004460771451062713,-5.4124335568176445,0,0,0,0,1,0,0,0,0,0,0,43,1.5795598692665562,0,0,0,0,0,0,0,0,0,0,0,0,0,0,0,0,0,0,0,0,0,0,0,0
100,,件数【件】,2024000707,,2024年7月,,83221,5326,2203,67175,1731,311,2024-07-01,5.739792912179234,7.456454555176209,11.115056433483693,8.580355766373877,186,7,1,1,1,111,44,0.004629698548567175,-5.375263521304458,0,0,0,0,0,1,0,0,0,0,0,44,1.5204281621507958,0,0,0,0,0,0,0,0,0,0,0,0,0,0,0,0,0,0,0,0,0,0,0,0
100,,件数【件】,2024000808,,2024年8月,,54330,4305,2185,40584,1411,245,2024-08-01,5.501258210544727,7.252053951852814,10.611129179246525,8.367532416861831,187,8,1,1,1,112,45,0.006036861817465011,-5.109870968701799,0,0,0,0,0,0,1,0,0,0,0,45,1.5657446848463117,0,0,0,0,0,0,0,0,0,0,0,0,0,0,0,0,0,0,0,0,0,0,0,0
100,,件数【件】,2024000909,,2024年9月,,47037,3842,1881,35077,1206,189,2024-09-01,5.241747015059643,7.095064377287131,10.465300924015038,8.253748343328501,188,9,1,1,1,113,46,0.005388146078627021,-5.223553908955395,0,0,0,0,0,0,0,1,0,0,0,46,1.4675563400779028,0,0,0,0,0,0,0,0,0,0,0,0,0,0,0,0,0,0,0,0,0,0,0,0
100,,件数【件】,2024001010,,2024年10月,,60754,4983,2419,44471,1671,327,2024-10-01,5.7899601708972535,7.421177528595393,10.702592570321846,8.513787398281405,189,10,1,1,1,114,47,0.007353106518854984,-4.912632399424593,0,0,0,0,0,0,0,0,1,0,0,47,1.7073630514760731,0,0,0,0,0,0,0,0,0,0,0,0,0,0,0,0,0,0,0,0,0,0,0,0
100,,件数【件】,2024001111,,2024年11月,,51827,4379,2055,38447,1439,195,2024-11-01,5.272999558563747,7.271703706887368,10.557035948482783,8.384575666801398,190,11,1,1,1,115,48,0.005071917184695815,-5.284036389919037,0,0,0,0,0,0,0,0,0,1,0,48,1.4435484817363475,0,0,0,0,0,0,0,0,0,0,0,0,0,0,0,0,0,0,0,0,0,0,0,0
100,,件数【件】,2024001212,,2024年12月,,52932,4249,2060,39530,1403,225,2024-12-01,5.41610040220442,7.246368080102461,10.58481515629073,8.354438940114811,191,12,1,1,1,116,49,0.005691879585125221,-5.168714754086311,0,0,0,0,0,0,0,0,0,0,1,49,1.597946524908,0,0,0,0,0,0,0,0,0,0,0,0,0,0,0,0,0,0,0,0,0,0,0,0
100,,件数【件】,2025000101,,2025年1月,,46997,3858,2062,33952,1204,224,2025-01-01,5.4116460518550396,7.093404625868766,10.43270304141371,8.257904193465674,192,1,1,1,1,117,50,0.006597549481621112,-5.021056989558669,0,0,0,0,0,0,0,0,0,0,0,50,1.6234855472248206,0,0,0,0,0,0,0,0,0,0,0,0,0,0,0,0,0,0,0,0,0,0,0,0
100,,件数【件】,2025000202,,2025年2月,,43580,4267,1994,31064,1178,173,2025-02-01,5.153291594497779,7.071573364211532,10.343804871411503,8.358666283188,193,2,1,1,1,118,51,0.005569147566314705,-5.190513276913724,1,0,0,0,0,0,0,0,0,0,0,51,1.4909532030024124,0,0,0,0,0,0,0,0,0,0,0,0,0,0,0,0,0,0,0,0,0,0,0,0
100,,件数【件】,2025000303,,2025年3月,,49107,4526,2083,35618,1231,194,2025-03-01,5.267858159063328,7.115582126184454,10.480606407035951,8.417593826193484,194,3,1,1,1,119,52,0.005446684260767028,-5.212748247972623,0,1,0,0,0,0,0,0,0,0,0,52,1.6698276137771675,0,0,0,0,0,0,0,0,0,0,0,0,0,0,0,0,0,0,0,0,0,0,0,0
100,,件数【件】,2025000404,,2025年4月,,65678,5006,2147,49322,1567,297,2025-04-01,5.6937321388027,7.356918242356021,10.806125507956496,8.518392471991719,195,4,1,1,1,120,53,0.006021653623129638,-5.112393369153796,0,0,1,0,0,0,0,0,0,0,0,53,1.7740382871661424,0,0,0,0,0,0,0,0,0,0,0,0,0,0,0,0,0,0,0,0,0,0,0,0
100,,件数【件】,2025000505,,2025年5月,,59553,5132,2331,44563,1430,278,2025-05-01,5.627621113690637,7.265429723253953,10.70465919729006,8.543250725735527,196,5,1,1,1,121,54,0.006238359176895631,-5.077038083599422,0,0,0,1,0,0,0,0,0,0,0,54,1.8423344599608358,0,0,0,0,0,0,0,0,0,0,0,0,0,0,0,0,0,0,0,0,0,0,0,0
100,,件数【件】,2025000606,,2025年6月,,72255,5054,2135,57550,1530,269,2025-06-01,5.594711379601839,7.333023014386481,10.960409414150028,8.52793528794814,197,6,1,1,1,122,55,0.004674196350999131,-5.365698034548189,0,0,0,0,1,0,0,0,0,0,0,55,1.9029854547723914,0,0,0,0,0,0,0,0,0,0,0,0,0,0,0,0,0,0,0,0,0,0,0,0
100,,件数【件】,2025000707,,2025年7月,,79579,5323,2049,64018,1622,336,2025-07-01,5.817111159963204,7.3914152346753585,11.066919572798442,8.579792333172758,198,7,1,1,1,123,56,0.005248523852666437,-5.249808412835238,0,0,0,0,0,1,0,0,0,0,0,56,1.9225733338563966,0,0,0,0,0,0,0,0,0,0,0,0,0,0,0,0,0,0,0,0,0,0,0,0
100,,件数【件】,2025000808,,2025年8月,,60041,4772,2201,45661,1430,255,2025-08-01,5.541263545158426,7.265429723253953,10.72899982085141,8.470520783217808,199,8,1,1,1,124,57,0.005584634589693611,-5.187736275692983,0,0,0,0,0,0,1,0,0,0,0,57,1.7645694410915072,0,0,0,0,0,0,0,0,0,0,0,0,0,0,0,0,0,0,0,0,0,0,0,0
100,,件数【件】,2025000909,,2025年9月,,53660,4619,2191,39851,1345,235,2025-09-01,5.459585514144159,7.20414929203594,10.592902778006396,8.437933510430605,200,9,1,1,1,125,58,0.0058969661990916165,-5.133317263862236,0,0,0,0,0,0,0,1,0,0,0,58,1.8344830484074421,0,0,0,0,0,0,0,0,0,0,0,0,0,0,0,0,0,0,0,0,0,0,0,0
100,,件数【件】,2025001010,,2025年10月,,67305,5829,2763,48920,1888,301,2025-10-01,5.707110264748875,7.543273346705446,10.797941589801109,8.67060073804555,201,10,1,1,1,126,59,0.006152902698282911,-5.090831325052233,0,0,0,0,0,0,0,0,1,0,0,59,1.8058541890848137,0,0,0,0,0,0,0,0,0,0,0,0,0,0,0,0,0,0,0,0,0,0,0,0
100,,件数【件】,2025001111,,2025年11月,,51597,4670,2377,37755,1329,202,2025-11-01,5.308267697401205,7.192182058713246,10.538873196237526,8.448914350662942,202,11,1,1,1,127,60,0.005350284730499272,-5.230605498836321,0,0,0,0,0,0,0,0,0,1,0,60,1.7736694360554441,0,0,0,0,0,0,0,0,0,0,0,0,0,0,0,0,0,0,0,0,0,0,0,0
100,,件数【件】,2025001212,,2025年12月,,58940,4988,2853,43348,1567,258,2025-12-01,5.552959584921617,7.356918242356021,10.677015845042886,8.514790306799927,203,12,1,1,1,128,61,0.005951831687736458,-5.124056260121268,0,0,0,0,0,0,0,0,0,0,1,61,1.9192950821094232,0,0,0,0,0,0,0,0,0,0,0,0,0,0,0,0,0,0,0,0,0,0,0,0
